1,2025-02-13 23:10:08.280629,172.31.2.23,visited
2,2025-02-13 23:12:57.036516,172.31.2.23,visited
3,2025-02-15 08:34:24.344882,172.31.42.160,visited
4,2025-02-15 08:40:30.719942,172.31.42.160,visited
5,2025-02-15 09:08:06.778479,172.31.2.23,visited
6,2025-02-15 09:14:50.336390,172.31.17.34,visited
7,2025-02-15 09:36:41.498346,172.31.2.23,visited
8,2025-02-15 09:41:15.047917,172.31.42.160,visited
9,2025-02-15 09:41:34.846168,172.31.42.160,visited
10,2025-02-15 10:10:00.401033,172.31.49.239,visited
11,2025-02-15 10:31:20.861811,172.31.49.239,visited
12,2025-02-15 10:42:39.554812,172.31.49.239,visited
13,2025-02-15 10:46:31.504439,172.31.49.239,visited
14,2025-02-15 10:49:18.550074,172.31.49.239,visited
15,2025-02-15 10:56:03.087817,172.31.2.23,visited
